query,timestamp,instagramUrl,description,title,error
Pepperdine Accounting Society,2025-08-10T01:22:10.336Z,https://www.instagram.com/pepperdine_accounting/,Welcome to the Official Instagram of Pepperdine's Accounting Society! Integrity | Knowledge | Professionalism,Pepperdine Accounting Society (@pepperdine_accounting),
,2025-08-10T01:22:10.336Z,,,,Empty line
Pepperdine Advertising Club,2025-08-10T01:22:12.652Z,https://www.instagram.com/peppgraphic/,"Student-run newspaper covering Pepperdine, Malibu and the surrounding communities since 1938. X & FB: @PeppGraphic. linkin.bio/peppgraphic. Follow. Message.",Pepperdine Graphic (@peppgraphic),
,2025-08-10T01:22:12.652Z,,,,Empty line
Pepperdine Art History Student Society,2025-08-10T01:22:15.692Z,https://www.instagram.com/peppstudentactivities/,"At Pepperdine, you will have opportunities to explore and strengthen your faith both inside and outside of the classroom. Be prepared to join a community that ...",Pepperdine Student Activities (@peppstudentactivities),
,2025-08-10T01:22:15.693Z,,,,Empty line
Pepperdine Chemistry Club,2025-08-10T01:22:18.106Z,https://www.instagram.com/pepperdinechemclub/,"Premiering on June 18th, viewers get an exclusive look at the lives of chemists here at Pepperdine! From researching in the lab, to taking summer classes, ...",Pepperdine Chemistry Club (@pepperdinechemclub),
,2025-08-10T01:22:18.465Z,,,,Empty line
Pepperdine Coding Club,2025-08-10T01:22:23.873Z,https://www.instagram.com/baylor_ecs/,"Providing superior education through instruction, scholarship & service with a Christian worldview. www.ecs.baylor.edu + 2.",Baylor Engineering & Computer Science (@baylor_ecs),
,2025-08-10T01:22:23.874Z,,,,Empty line
Pepperdine Future Teachers Club,2025-08-10T01:22:28.119Z,https://www.instagram.com/yana54lv/,"Yana Wilson, 2023 @MizuhoLPGA champion, makes history as the first player to win the tournament as a junior and return to compete as a professional.",yana wilson (@yana54lv) ‚Ä¢ Instagram photos and videos,
,2025-08-10T01:22:28.120Z,,,,Empty line
Pepperdine Math Club,2025-08-10T01:22:32.130Z,https://www.instagram.com/pepperdinemathclub/,"Welcome to Pepperdine Math Club's Instagram! On here we'll share information about our events, cool faculty & student spotlights and math content! üë©üè´. Follow.",Pepperdine Math Club (@pepperdinemathclub),
,2025-08-10T01:22:32.258Z,,,,Empty line
Pepperdine Mock Trial,2025-08-10T01:22:35.607Z,https://www.instagram.com/peppmocktrial/,"Photo by Pepperdine Mock Trial on September 13, 2024. Join us next Monday from 6:30 to 8:30 at Caruso School of Law -Room A for our first meeting of the year!",Pepperdine Mock Trial (@peppmocktrial),
,2025-08-10T01:22:35.608Z,,,,Empty line
Pepperdine Model United Nations,2025-08-10T01:22:38.016Z,https://www.instagram.com/pepperdinemun/,"Pepperdine's MUN team had a successful year traveling and competing in Erfurt, Montreal, and Chicago. We couldn't be more proud of our delegation's growth. Best ...",Pepperdine Model UN (@pepperdinemun),
,2025-08-10T01:22:38.017Z,,,,Empty line
Pepperdine National Society of Leadership and Success (NSLS),2025-08-10T01:22:42.670Z,https://www.instagram.com/pepperdinensls/?hl=es,"The National Society of Leadership and Success A community dedicated to helping students succeed, unlocking their full potential as leaders!",The NSLS @ Pepperdine‚öúÔ∏èüß° (@pepperdinensls),
,2025-08-10T01:22:42.827Z,,,,Empty line
Pepperdine Psi Chi Psychology Honor Society,2025-08-10T01:22:44.990Z,https://www.instagram.com/psichiwaves/,"Psi Chi International Honors Society ‚ö°Ô∏èPepperdine Seaver College Chapter‚ö°Ô∏è ‚ú® Psychology Club ‚ú® ¬∑ Photo shared by Pepperdine Psi Chi on May 05, 2025 tagging @anna.",Pepperdine Psi Chi (@psichiwaves),
,2025-08-10T01:22:44.991Z,,,,Empty line
Pepperdine Alpha Tau Omega (ATO),2025-08-10T01:22:47.756Z,https://www.instagram.com/atopepperdine/,ALPHA TAU OMEGA Sorority & Fraternity Pepperdine University ATO Est. 1865 | Kappa Epsilon Chapter law.pepperdine.edu/global-justice/about,atopepperdine - Alpha Tau Omega,
,2025-08-10T01:22:47.756Z,,,,Empty line
Pepperdine Pi Kappa Alpha (Pike),2025-08-10T01:22:50.635Z,https://www.instagram.com/pepperdinepike/,"Meet our 2025‚Äì2026 Pi Kappa Alpha Dream Girl, Mason Turner! A senior from Durango, Colorado, Mason is double majoring in Sustainability and Art. She serves as ...",Pepperdine University Pike (@pepperdinepike),
,2025-08-10T01:22:50.636Z,,,,Empty line
Pepperdine Psi Upsilon (Psi U),2025-08-10T01:22:53.505Z,https://www.instagram.com/pepperdinepsiu/,,PSI UPSILON (@pepperdinepsiu),
,2025-08-10T01:22:53.619Z,,,,Empty line
Pepperdine Sigma Chi (Sig Chi),2025-08-10T01:22:56.823Z,https://www.instagram.com/sigmachipepperdine/,"The Significant Sig Award is one of Sigma Chi's highest honors‚Äîpreviously awarded to legends like John Wayne, Brad Pitt, David Letterman, and Drew Brees.",Œ£Œß at Pepperdine University (@sigmachipepperdine),
,2025-08-10T01:22:56.824Z,,,,Empty line
Pepperdine Sigma Phi Epsilon (Sig Ep),2025-08-10T01:23:04.184Z,https://www.instagram.com/pepperdinesigep/,"SigEp strives for greatness in all aspects of life, promoting virtue, diligence, and brotherly love in everything we do. Our commitment to the Pepperdine ...",PEPPERDINE (@pepperdinesigep) - SIGMA PHI EPSILON,
,2025-08-10T01:23:04.305Z,,,,Empty line
Pepperdine Alpha Phi (A Phi),2025-08-10T01:23:07.111Z,https://www.instagram.com/pepperdineaphi/,"I'm Kennedy and I'm an upcoming senior studying accounting. Aphi holds a special place in my heart, as I didn't originally rush in the fall but actually COBed ...","PEPPERDINE ŒëLPHA PHI (@pepperdineaphi) ¬∑ Malibu, CA",
,2025-08-10T01:23:07.111Z,,,,Empty line
Pepperdine Kappa Alpha Theta (Theta),2025-08-10T01:23:09.099Z,https://www.instagram.com/thetapepperdine/,,KAPPA ALPHA THETA (@thetapepperdine),
,2025-08-10T01:23:09.100Z,,,,Empty line
Pepperdine Delta Delta Delta (Tri Delt),2025-08-10T01:23:11.849Z,https://www.instagram.com/pepperdinedg/,I can confidently say that Delta Gamma has shaped my time at Pepperdine for the better. ... Beta Psi (Pickleball) Sig Ep (Pickleball) Tri Delt (Tri Hop) Aphi ( ...,pepperdinedg - Delta Gamma ŒîŒì,
,2025-08-10T01:23:11.850Z,,,,Empty line
Pepperdine Kappa Kappa Gamma (Kappa/KKG),2025-08-10T01:23:14.983Z,https://www.instagram.com/pepperdinekkg/,"KAPPA KAPPA GAMMA Sorority & Fraternity Pepperdine University KKŒì Eta Beta ‚öúÔ∏è Est. 1870 Dream boldly, live fully.",KAPPA KAPPA GAMMA (@pepperdinekkg),
,2025-08-10T01:23:15.119Z,,,,Empty line
Pepperdine Delta Gamma (DG),2025-08-10T01:23:24.048Z,https://www.instagram.com/pepperdinedg/,3K+ followers ¬∑ 576 following ¬∑ 807 posts ¬∑ @pepperdinedg: ‚ÄúPepperdine University Eta Alpha chapter DIVE IN & DO GOOD‚≠êÔ∏è register for recruitment below‚Ä¶‚Äù,pepperdinedg - Delta Gamma ŒîŒì,
,2025-08-10T01:23:24.048Z,,,,Empty line
"Pepperdine Alpha Kappa Alpha Sorority, Inc. (AKA)",2025-08-10T01:23:25.890Z,https://www.instagram.com/taulambdaaka1908/,"Pepperdine AKAs. Sorority & Fraternity. The Tremendously Luxurious Ladies of the Tau Lambda chapter of Alpha Kappa Alpha Sorority, Inc. Est. November 20, 2011 ...",Pepperdine AKAs (@taulambdaaka1908),
,2025-08-10T01:23:26.010Z,,,,Empty line
"Pepperdine Alpha Phi Alpha Fraternity, Inc. (Alphas)",2025-08-10T01:23:30.033Z,https://www.instagram.com/upchialpha/,"The Brothers of the Upsilon Chi chapter of Alpha Phi Alpha Fraternity Inc., welcome everyone back to Pepperdine University for the 2022-2023 academic school ...",Pepperdine Alphas (@upchialpha),
,2025-08-10T01:23:30.034Z,,,,Empty line
"Pepperdine Lambda Theta Nu Sorority, Inc.",2025-08-10T01:23:33.749Z,https://www.instagram.com/pepperdinelambdas/,"Two Years Ago Today, the Alpha Psi Chapter of Lambda Theta Nu Sorority, Inc. was established on Pepperdine University. Happy Lambdaversary to the founding ...",Alpha Psi Chapter (@pepperdinelambdas),
,2025-08-10T01:23:33.750Z,,,,Empty line
Pepperdine Armenian Student's Association,2025-08-10T01:23:39.157Z,https://www.instagram.com/pepperdineasa/,1.2K+ followers ¬∑ 656 following ¬∑ 318 posts ¬∑ @pepperdineasa: ‚Äú‚ù§Ô∏è ‘≤’°÷Ä’•÷Ç ’ç’´÷Ä’•’¨’´ ‘±’∑’°’Ø’•÷Ä’ø’∂’•÷Ä‚ù§Ô∏è The Armenian Student Association of Pepperdine University ‚Äù,Pepperdine ASA (@pepperdineasa),
,2025-08-10T01:23:39.264Z,,,,Empty line
Pepperdine Cultural Italian American Organization (CIAO),2025-08-10T01:23:41.185Z,https://www.instagram.com/ciaoclubpepp/,"Join us Monday at the HAWC 200 for Italian Game Night! Enjoy board games, Kahoot, a costume contest, Prince Street Pizza, & more! No prior Italian ...",C.I.A.O. Club Pepperdine (@ciaoclubpepp),
,2025-08-10T01:23:41.185Z,,,,Empty line
Pepperdine Indigenous People's Club,2025-08-10T01:23:43.677Z,https://www.instagram.com/pepperdineipc/,pepperdineipc. Indigenous Peoples' Club. ‚û≥ est. 2020 ‚û≥ an on-campus organization dedicated to celebrating indigenous peoples and indigenous cultures,Indigenous Peoples' Club (@pepperdineipc),
,2025-08-10T01:23:43.678Z,,,,Empty line
Pepperdine Latinx/o/a/e Student Alliance,2025-08-10T01:23:46.208Z,https://www.instagram.com/pepperdine_icc/,"Hi everyone! Our new club applications for Spring 2025 are live on Peppervine and can be found in the link in our bio. The form is due on Monday, ...",Inter-Club Council (@pepperdine_icc),
,2025-08-10T01:23:46.208Z,,,,Empty line
Pepperdine Nikkei Student Union,2025-08-10T01:23:51.226Z,https://www.instagram.com/pepp_nsu/,"Nikkei Student Union at Pepperdine University. 24255 Pacific Coast Hwy, Malibu, California 90263. groupme.com/join_group/98646611/QJftwihA",Pepperdine Nikkei Student Union (@pepp_nsu),
,2025-08-10T01:23:51.358Z,,,,Empty line
Pepperdine Pilipino American Student Association,2025-08-10T01:23:54.937Z,https://www.instagram.com/pepperdine_pakikisama/,421 followers ¬∑ 260 following ¬∑ 214 posts ¬∑ @pepperdine_pakikisama: ‚Äúpilipino american student association pepperdine university‚Äù,Pepperdine Pakikisama (@pepperdine_pakikisama),
,2025-08-10T01:23:54.938Z,,,,Empty line
Pepperdine Step Team,2025-08-10T01:23:57.902Z,https://www.instagram.com/peppstepteam/,"We rep unity in pepp, sweat, and step. Back again like we never left‚Ä¶. @pepperdinewaves ¬∑ docs.google.com/forms/ ...",Pepperdine Step Team (@peppstepteam),
,2025-08-10T01:23:57.903Z,,,,Empty line
Pepperdine Tennis Club,2025-08-10T01:24:02.995Z,https://www.instagram.com/peppclubtennis/,"Support the Pepperdine Club Tennis team this weekend at our annual Invitational where we'll be hosting USC, Arizona St., CSU Long Beach and USD!",Pepperdine Club Tennis (@peppclubtennis),
,2025-08-10T01:24:03.129Z,,,,Empty line
Pepperdine Surfing Club,2025-08-10T01:24:05.613Z,https://www.instagram.com/pepperdinesurfteam/,Competing across the coast of California! Follow us on our journey! 2X NSSA Women's National Champions Current Rank: 4th.,Pepperdine Surf Team (@pepperdinesurfteam),
,2025-08-10T01:24:05.613Z,,,,Empty line
Pepperdine Beach Volleyball Club,2025-08-10T01:24:12.052Z,https://www.instagram.com/pepperdineclubbeachvolley/,Home to Pepperdine Club Beach Volleyball When: Wednesday and Friday 2pm-4pm. Where: Beach Courts located across Mail Services ... Photo shared by Pepperdine Rec ...,Pepperdine Club Beach Volleyball ...,
,2025-08-10T01:24:12.052Z,,,,Empty line
Pepperdine Esports Club,2025-08-10T01:24:14.632Z,https://www.instagram.com/pepperdinegamingclub/,Pepperdine Gaming Club. Meetings every Thursday @ 6pm. Genesis Lab | Payson Library. Join our Discord.,Pepperdine Gaming Club (@pepperdinegamingclub),
,2025-08-10T01:24:14.752Z,,,,Empty line
Pepperdine Running Club,2025-08-10T01:24:18.380Z,https://www.instagram.com/pepperdinerunning/,We are always running for the thrill of it! Open to all skill levels! Check our posts for the schedule!,Pepperdine Running Club (@pepperdinerunning),
,2025-08-10T01:24:18.381Z,,,,Empty line
Pepperdine Surf and Recreation,2025-08-10T01:24:21.414Z,https://www.instagram.com/pepperdinesurfteam/,Competing across the coast of California! Follow us on our journey! 2X NSSA Women's National Champions Current Rank: 4th,Pepperdine Surf Team (@pepperdinesurfteam),
,2025-08-10T01:24:21.414Z,,,,Empty line
Pepperdine Climbing Club,2025-08-10T01:24:27.608Z,https://www.instagram.com/climb.pepp/,,Pepperdine Climbingüßó‚ôÇÔ∏è (@climb.pepp),
,2025-08-10T01:24:27.738Z,,,,Empty line
Pepperdine Pickleball Club,2025-08-10T01:24:31.284Z,https://www.instagram.com/pepperdinepickleball/,"In partnership with SGA, The Board and the Pickleball Club, we are proud to announce the Pepperdine Strong Fundraiser Pickleball Tournament happening on ...",Pepperdine Pickleball Club (@pepperdinepickleball),
,2025-08-10T01:24:31.285Z,,,,Empty line
Pepperdine Art Club,2025-08-10T01:24:34.250Z,https://www.instagram.com/pepperdine_artclub/,,Pepperdine Art Club (@pepperdine_artclub),
,2025-08-10T01:24:34.251Z,,,,Empty line
Pepperdine Cine Club,2025-08-10T01:24:37.312Z,https://www.instagram.com/peppcineclub/,"Thank you to everyone who came to the screening of ‚ÄúOut of My Mind,‚Äù a film that celebrates disability acceptance! It was such an amazing time watching it ...",Pepperdine Cin√© Club (@peppcineclub),
,2025-08-10T01:24:37.312Z,,,,Empty line
Pepperdine Creative Connection,2025-08-10T01:24:39.545Z,https://www.instagram.com/creativeconnectionpepp/,Join us for our first meeting of the spring semester! We will be hosting a Q&A with the selected filmmakers of Pepperdine's ReelStories Film Festival to learn ...,Creative Connection (@creativeconnectionpepp),
,2025-08-10T01:24:39.675Z,,,,Empty line
Pepperdine Fashion Association,2025-08-10T01:24:42.149Z,https://www.instagram.com/pepperdinefashion/,A concept we developed to explore fantasy and creativity on campus. Crafted by our PFA eboard with the hope to make this a continuing project.,Pepperdine Fashion Association (@pepperdinefashion),
,2025-08-10T01:24:42.149Z,,,,Empty line
Pepperdine KWVS Radio,2025-08-10T01:24:44.892Z,https://www.instagram.com/kwvsradio/,,KWVS Radio (@kwvsradio),
,2025-08-10T01:24:44.892Z,,,,Empty line
Pepperdine Graphic Media,2025-08-10T01:24:47.845Z,https://www.instagram.com/peppgraphic/,"3.7K+ followers ¬∑ 154 following ¬∑ 3739 posts ¬∑ @peppgraphic: ‚ÄúStudent-run newspaper covering Pepperdine, Malibu and the surrounding communities since 1938.",Pepperdine Graphic (@peppgraphic),
,2025-08-10T01:24:47.845Z,,,,Empty line
Pepperdine Musical Theatre Club: Eta Theta Tau,2025-08-10T01:24:50.026Z,https://www.instagram.com/etathetatau/,Pepperdine Musical Theatre Club's Kickoff event will be on Jan 30 from 7-9 pm at Elkins! There will be free food and drink provided.,HŒòT (@etathetatau) ‚Ä¢ Instagram photos and videos,
,2025-08-10T01:24:50.170Z,,,,Empty line
Pepperdine RnD Dance,2025-08-10T01:24:53.106Z,https://www.instagram.com/rnd.dance/,Join RnD tonight for a beginner hip hop community class taught by Sophia Lee! 8pm in the HITS Studio- We can't wait to see you there! Photo by Pepperdine Rise n ...,Pepperdine Rise n Dance (@rnd.dance),
,2025-08-10T01:24:53.106Z,,,,Empty line
Pepperdine Best Buddies,2025-08-10T01:24:55.695Z,https://www.instagram.com/bestbuddies_pepperdine/,Helping to promote an inclusive and equal environment for individuals with intellectual and developmental disabilities one friend at a time!,(@bestbuddies_pepperdine) ‚Ä¢ Instagram photos and videos,
,2025-08-10T01:24:55.696Z,,,,Empty line
Pepperdine Children for a Cause,2025-08-10T01:24:58.366Z,https://www.instagram.com/peppstudentactivities/,Now it's your turn! We're looking for enthusiastic students to serve as Orientation Leaders (OLs) and welcome our newest Waves this fall! PERKS: Free shirts ...,Pepperdine Student Activities (@peppstudentactivities),
,2025-08-10T01:24:58.366Z,,,,Empty line
Pepperdine Circle K,2025-08-10T01:25:01.222Z,https://www.instagram.com/ckipepperdine/,Members of the world's largest student-led collegiate service organization. Follow us to learn more information on service events and our meetings!,Pepperdine Circle K (@ckipepperdine),
,2025-08-10T01:25:01.364Z,,,,Empty line
Pepperdine Climate Observer Program,2025-08-10T01:25:03.866Z,https://www.instagram.com/usipeace/,"USIP is a peacebuilding organization founded by Congress as an independent nonprofit dedicated to preventing, mitigating & resolving conflict abroad.","U.S. Institute of Peace (@usipeace) ¬∑ Washington D.C., DC",
,2025-08-10T01:25:03.866Z,,,,Empty line
Pepperdine Community and Global Health Club,2025-08-10T01:25:06.876Z,https://www.instagram.com/pepperdineambassadors/,"From welcoming guests to building relationships with alumni and friends of the university, PAC's mission is to embody the spirit of Pepperdine and its values.",Pepperdine Ambassadors Council - Instagram,
,2025-08-10T01:25:06.876Z,,,,Empty line
Pepperdine Days for Girls,2025-08-10T01:25:09.360Z,https://www.instagram.com/pepperdinedfg/,"Nonprofit organization turning periods into pathways, working to educate about menstrual health and making washable pads for girls around the world.",Pepperdine Days for Girls (@pepperdinedfg),
,2025-08-10T01:25:09.361Z,,,,Empty line
Pepperdine Food Recovery Network,2025-08-10T01:25:13.063Z,https://www.instagram.com/wavesfrn/,"Fight waste, feed people! üìçFood Recovery Network Pepperdine üì©pepperdineFRN@gmail.com üì¶To request a food Recovery, please click below: linktr.ee/wavesfrn",Pepperdine University FRN (@wavesfrn),
,2025-08-10T01:25:13.237Z,,,,Empty line
Pepperdine Global Justice,2025-08-10T01:25:18.675Z,https://www.instagram.com/globaljusticeinstitute/,"Rule of Law Human Rights Organization fighting to make #AccesstoJustice a reality for all people, everywhere. ‚Äî‚Äî‚Äî‚Äî‚Äî‚Äî @pepperdine @pepperdinelaw.",Sudreau Global Justice Inst. (@globaljusticeinstitute),
,2025-08-10T01:25:18.676Z,,,,Empty line
Pepperdine Catholic Student Association,2025-08-10T01:25:21.731Z,https://www.instagram.com/pepperdinecsa/,We represent Pepperdine's largest Christian denomination on campus by enriching the faith journeys of all students through the Catholic faith!,Catholic Student Association (@pepperdinecsa),
,2025-08-10T01:25:21.731Z,,,,Empty line
Pepperdine Student-Led Ministries,2025-08-10T01:25:24.391Z,https://www.instagram.com/pepperdineveritas/,Join us for a virtual worship concert led by Pepperdine students and alumni. The concert reflects student ministry leaders working together despite the ...,Pepperdine Veritas Club (@pepperdineveritas),
,2025-08-10T01:25:24.558Z,,,,Empty line
Pepperdine Student Government Association (SGA),2025-08-10T01:25:26.513Z,https://www.instagram.com/pepperdinesga/,1.9K+ followers ¬∑ 117 following ¬∑ 182 posts ¬∑ @pepperdinesga: ‚ÄúUplifting student life at Pepperdine since 1937‚Äù,Pepperdine SGA (@pepperdinesga),
,2025-08-10T01:25:26.514Z,,,,Empty line
Pepperdine Ambassadors Council,2025-08-10T01:25:29.410Z,https://www.instagram.com/pepperdineambassadors/,"A group of students dedicated to representing the heart of Pepperdine through service, leadership, and connection.",Pepperdine Ambassadors Council - Instagram,
,2025-08-10T01:25:29.410Z,,,,Empty line
Pepperdine Chartwell Forum for Civil Discourse,2025-08-10T01:25:31.399Z,,,,No result found
,2025-08-10T01:25:31.399Z,,,,Empty line
Pepperdine Founders Inc.,2025-08-10T01:25:34.009Z,https://www.instagram.com/founders_inc_pepperdine/,"A community of entrepreneurs in Malibu, CA EVENT LINK ‚¨áÔ∏è. pepperdine.campuslabs.com/engage/organization/foundersclub.",Founders' Inc. (@founders_inc_pepperdine),
,2025-08-10T01:25:34.009Z,,,,Empty line
Pepperdine Nourish,2025-08-10T01:25:36.713Z,https://www.instagram.com/pepperdinenourish/,mindful eating | nutrition education | service ‚òÄÔ∏èbody positivity/neutrality | healthy habits. Join our health & nutrition club ‚§µÔ∏è. linktr.ee/nourish.pepp.,Nourish Club | est. 2019 (@pepperdinenourish),
,2025-08-10T01:25:36.874Z,,,,Empty line
Pepperdine College Democrats,2025-08-10T01:25:39.461Z,https://www.instagram.com/pepperdinedems/,"Pepperdine College Democrats Change That Matters. 24255 Pacific Coast Hwy, Malibu, California 90263",Pepperdine College Democrats (@pepperdinedems),
,2025-08-10T01:25:39.461Z,,,,Empty line
Pepperdine College Republicans,2025-08-10T01:25:43.616Z,https://www.instagram.com/pepperdinecollegerepublicans/,1K+ followers ¬∑ 142 following ¬∑ 15 posts ¬∑ @pepperdinecollegerepublicans: ‚ÄúOfficial Instagram for the Pepperdine College Republicans.‚Äù,Pepperdine College Republicans,
,2025-08-10T01:25:43.616Z,,,,Empty line
Pepperdine Consulting Association,2025-08-10T01:25:46.152Z,https://www.instagram.com/pepperdineconsulting/,Consulting agency serving as a trusted internship pipeline to global Fortune 500 Consulting & Banking firms.,pepperdineconsulting - Instagram,
,2025-08-10T01:25:46.152Z,,,,Empty line
Pepperdine Gaming Club,2025-08-10T01:25:49.945Z,https://www.instagram.com/pepperdinegamingclub/,Pepperdine Gaming Club. Meetings every Thursday @ 6pm. Genesis Lab | Payson Library. Join our Discord.,Pepperdine Gaming Club (@pepperdinegamingclub),
,2025-08-10T01:25:50.110Z,,,,Empty line
Pepperdine Real Estate Club,2025-08-10T01:25:52.899Z,https://www.instagram.com/pepperdinerealestateclub/,The Pepperdine University Real Estate Club will serve the Pepperdine community as a space for students interested in the world of real estate ... Photo by ...,Pepperdine University Real Estate Club ...,
,2025-08-10T01:25:52.899Z,,,,Empty line
The Pepperdine Beacon,2025-08-10T01:25:55.736Z,https://www.instagram.com/pepperdinebeacon/,"With plans for 800 + parking spots, a rec center, and a new cafe-style dining space, this project could redefine campus life at Pepperdine, Is this the change ...",The Pepperdine Beacon (@pepperdinebeacon),